-- Povoamento da Base de Dados

USE GestaoEventos;
-- Inserção de dados na tabela "Cliente"
INSERT INTO Cliente (NIF, Nome, Contacto, Email, CodigoPostal)
VALUES
    (242985203, 'Ana Silva', 913998325, 'ana.silva@gmail.com', '3741-984'),
    (262014890, 'Carlos Oliveira', 968506512, 'carlos.oliveira@gmail.com', '4689-113'),
    (295429496, 'Marta Pereira', 938285429, 'marta.pereira@gmail.com', '6466-607'),
    (214641279, 'Pedro Santos', 929412711, 'pedro.santos@gmail.com', '5510-803'),
    (225548731, 'Hugo Martins', 917654321, 'hugo.martins@gmail.com', '1234-567'),
    (277731864, 'Luisa Ferreira', 925876543, 'luisa.ferreira@gmail.com', '9876-543'),
	(231467892, 'Rita Pereira', 926734567, 'rita.pereira@gmail.com', '8765-432'),
    (288654321, 'João Santos', 911987654, 'joao.santos@gmail.com', '2345-678'),
    (223456789, 'Rodrigo Álvaro', 960746827, 'ralvaro@gmail.com', '4700,760'),
    (242733844, 'Joana Lemos', 918336754, 'joanalemos14@gmail.com', '4761-279'),
    (282189416, 'Luís Ribeiro', 931674826, 'luisrb@gmail.com', '8492-548'),
    (261239142, 'Tomás Lopes', '918275454', 'tlopesoliveira@gmail.com', '6451-263'),
    (232509137, 'Miguel Vítor', '962183167','miguelpvitor28@gmail,com', '4700-472'),
	(299876543, 'Maria Oliveira', 917654321, 'maria.oliveira@gmail.com', '1234-567'),
    (211234567, 'António Silva', 912345678, 'antonio.silva@gmail.com', '5678-901'),
    (288888888, 'Sofia Santos', 926789012, 'sofia.santos1@gmail.com', '3456-789');
    
-- Inserção de dados na tabela "Funcionario"
INSERT INTO Funcionario (Nome, Contacto, Email)
VALUES
    ('Mariana Costa', 964179029, 'mariana.costa@gmail.com'),
    ('Rui Pereira', 931946775, 'rui.pereira@gmail.com'),
    ('Isabel Almeida', 917290232, 'isabel.almeida@gmail.com'),
    ('Andre Silva', 966112233, 'andre.silva@gmail.com'),
    ('Beatriz Costa', 910223344, 'beatriz.costa@gmail.com'),
    ('Catarina Martins', 968112233, 'catarina.martins@gmail.com'),
    ('Diogo Costa', 927223344, 'diogo.costa@gmail.com'),
	('Fernanda Oliveira', 912345678, 'fernanda.oliveira@gmail.com'),
    ('Gonçalo Silva', 925678901, 'goncalo.silva@gmail.com'),
    ('Helena Santos', 938789012, 'helena.santos@gmail.com'),
    ('Igor Pereira', 914567890, 'igor.pereira@gmail.com'),
    ('Joana Costa', 923456789, 'joana.costa@gmail.com'),
    ('Kiko Almeida', 967654321, 'kiko.almeida@gmail.com'),
    ('Lara Martins', 915432198, 'lara.martins@gmail.com'),
    ('Miguel Silva', 967890123, 'miguel.silva@gmail.com'),
    ('Nádia Almeida', 921234567, 'nadia.almeida@gmail.com'),
    ('Oscar Costa', 966789012, 'oscar.costa@gmail.com'),
    ('Paula Martins', 918765432, 'paula.martins@gmail.com'),
    ('Quim Oliveira', 935678901, 'quim.oliveira@gmail.com'),
    ('Rita Pereira', 964567890, 'rita.pereira@gmail.com');
    
-- Inserção de dados na tabela "Participante"
INSERT INTO Participante (NIF, Nome, Contacto, Email, Idade)
VALUES
    (254563651, 'João Oliveira', 914778185, 'joao.oliveira1@gmail.com', 27),
    (246239573, 'Sofia Santos', 938056151, 'sofia.santos2@gmail.com', 34),
    (251737322, 'Ricardo Pereira', 939360090, 'ricardo.pereira3@gmail.com', 22),
    (297114859, 'Inês Silva', 926169061, 'ines.silva4@gmail.com', 19),
    (268975431, 'Eduardo Sousa', 933445566, 'eduardo.sousa5@gmail.com', 30),
    (284613597, 'Patricia Oliveira', 914223344, 'patricia.oliveira6@gmail.com', 26),
    (273849561, 'Miguel Silva', 919334455, 'miguel.silva7@gmail.com', 28),
    (296874123, 'Andreia Sousa', 935556677, 'andreia.sousa8@gmail.com', 31),
    (234567890, 'Pedro Santos', 919876543, 'pedro.santos9@gmail.com', 25),
    (292345678, 'Carla Martins', 932109876, 'carla.martins10@gmail.com', 29),
    (296432109, 'Hugo Oliveira', 919876543, 'hugo.oliveira11@gmail.com', 23),
    (298765432, 'Mariana Costa', 928765432, 'mariana.costa12@gmail.com', 33),
    (292876543, 'André Pereira', 937654321, 'andre.pereira13@gmail.com', 27),
    (291234567, 'Catarina Silva', 926543210, 'catarina.silva14@gmail.com', 30),
    (254321987, 'Sara Oliveira', 912345678, 'sara.oliveira15@gmail.com', 26),
    (285432109, 'Rui Santos', 926789012, 'rui.santos16@gmail.com', 29),
    (297765432, 'Luís Silva', 921234567, 'luis.silva17@gmail.com', 31),
    (299876543, 'Carolina Martins', 929876543, 'carolina.martins18@gmail.com', 27),
    (292355678, 'Gustavo Oliveira', 936789012, 'gustavo.oliveira19@gmail.com', 30),
    (294567890, 'Beatriz Sousa', 921098765, 'beatriz.sousa20@gmail.com', 22),
    (297654321, 'Daniel Pereira', 926543210, 'daniel.pereira21@gmail.com', 28),
    (298901234, 'Marta Silva', 919876543, 'marta.silva22@gmail.com', 25),
    (299012345, 'André Martins', 926789012, 'andre.martins23@gmail.com', 33),
    (293456789, 'Joana Costa', 929012345, 'joana.costa24@gmail.com', 30),
    (294568890, 'Tiago Oliveira', 936789012, 'tiago.oliveira25@gmail.com', 28),
    (295678901, 'Isabel Sousa', 921098765, 'isabel.sousa26@gmail.com', 26),
    (296789012, 'Pedro Pereira', 926543210, 'pedro.pereira27@gmail.com', 32),
    (297890123, 'Catarina Silva', 919876543, 'catarina.silva28@gmail.com', 29),
    (298901334, 'Luís Martins', 926789012, 'luis.martins29@gmail.com', 24),
    (299012335, 'Ana Costa', 929012345, 'ana.costa30@gmail.com', 31),
    (200123456, 'Miguel Oliveira', 936789012, 'miguel.oliveira31@gmail.com', 27),
    (201234567, 'Rita Pereira', 921098765, 'rita.pereira32@gmail.com', 25),
    (202345678, 'João Sousa', 926543210, 'joao.sousa33@gmail.com', 30),
    (303456789, 'Laura Oliveira', 919012345, 'laura.oliveira34@gmail.com', 28),
    (304567890, 'Bruno Martins', 936789012, 'bruno.martins35@gmail.com', 33),
    (305678901, 'Mariana Sousa', 921098765, 'mariana.sousa36@gmail.com', 29),
    (306789012, 'André Pereira', 926543210, 'andre.pereira37@gmail.com', 24),
    (307890123, 'Sofia Silva', 919876543, 'sofia.silva38@gmail.com', 31),
    (308901234, 'Rui Oliveira', 926789012, 'rui.oliveira39@gmail.com', 28),
    (309012345, 'Ana Martins', 929012345, 'ana.martins40@gmail.com', 25),
    (310123456, 'Pedro Oliveira', 936789012, 'pedro.oliveira41@gmail.com', 32),
    (311234567, 'Marta Sousa', 921098765, 'marta.sousa42@gmail.com', 26),
    (312345678, 'João Silva', 926543210, 'joao.silva43@gmail.com', 30),
    (313456789, 'Sara Costa', 929012345, 'sara.costa44@gmail.com', 30),
    (314567890, 'Ricardo Martins', 936789012, 'ricardo.martins45@gmail.com', 28),
    (315678901, 'Beatriz Oliveira', 921098765, 'beatriz.oliveira46@gmail.com', 26),
    (316789012, 'Daniel Sousa', 926543210, 'daniel.sousa47@gmail.com', 32),
    (317890123, 'Carolina Silva', 919876543, 'carolina.silva48@gmail.com', 29),
    (118901234, 'Luís Oliveira', 926789012, 'luis.oliveira49@gmail.com', 24),
    (219012345, 'Ana Costa', 929012345, 'ana.costa50@gmail.com', 31),
    (220123456, 'Miguel Oliveira', 936789012, 'miguel.oliveira51@gmail.com', 27),
    (221234567, 'Rita Pereira', 921098765, 'rita.pereira52@gmail.com', 25),
    (222345678, 'João Sousa', 926543210, 'joao.sousa53@gmail.com', 30),
    (323456789, 'Rui Martins', 926543210, 'rui.martins54@gmail.com', 33),
    (324567890, 'Inês Oliveira', 921098765, 'ines.oliveira55@gmail.com', 29),
    (325678901, 'Miguel Sousa', 926789012, 'miguel.sousa56@gmail.com', 24),
    (326789012, 'Ana Pereira', 929012345, 'ana.pereira57@gmail.com', 31),
    (327890123, 'Pedro Costa', 936789012, 'pedro.costa58@gmail.com', 27),
    (328901234, 'Catarina Martins', 921098765, 'catarina.martins59@gmail.com', 26),
    (329012345, 'Luís Silva', 926543210, 'luis.silva60@gmail.com', 30),
    (330123456, 'Marta Oliveira', 936789012, 'marta.oliveira61@gmail.com', 28),
    (331234567, 'João Sousa', 921098765, 'joao.sousa62@gmail.com', 26),
    (332345678, 'Sofia Pereira', 926543210, 'sofia.pereira63@gmail.com', 32),
    (333456789, 'Ricardo Martins', 929012345, 'ricardo.martins64@gmail.com', 17),
    (334567890, 'Beatriz Oliveira', 936789012, 'beatriz.oliveira65@gmail.com', 18),
    (335678901, 'Daniel Silva', 921098765, 'daniel.silva66@gmail.com', 16),
    (336789012, 'Carolina Sousa', 926543210, 'carolina.sousa67@gmail.com', 22),
    (337890123, 'Luís Oliveira', 919876543, 'luis.oliveira68@gmail.com', 39),
    (338901234, 'Ana Costa', 926789012, 'ana.costa69@gmail.com', 44),
    (339012345, 'Miguel Oliveira', 929012345, 'miguel.oliveira70@gmail.com', 51),
    (340123456, 'Rita Pereira', 936789012, 'rita.pereira71@gmail.com', 17),
    (341234567, 'João Sousa', 921098765, 'joao.sousa72@gmail.com', 55),
    (342345678, 'Sara Oliveira', 926543210, 'sara.oliveira73@gmail.com', 20),
    (343456789, 'Rui Santos', 929012345, 'rui.santos74@gmail.com', 38),
    (344567890, 'Inês Silva', 936789012, 'ines.silva75@gmail.com', 46),
    (345678901, 'Miguel Martins', 921098765, 'miguel.martins76@gmail.com', 32),
    (346789012, 'Ana Pereira', 926543210, 'ana.pereira77@gmail.com', 19),
    (347890123, 'Pedro Costa', 929012345, 'pedro.costa78@gmail.com', 19),
    (348901234, 'Catarina Silva', 936789012, 'catarina.silva79@gmail.com', 41),
    (349012345, 'Luís Oliveira', 921098765, 'luis.oliveira08@gmail.com', 27),
    (350123456, 'Marta Costa', 926543210, 'marta.costa81@gmail.com', 20),
    (351234567, 'João Santos', 929012345, 'joao.santos82@gmail.com', 18),
    (352345678, 'Sofia Pereira', 936789012, 'sofia.pereira83@gmail.com', 46),
    (353456789, 'Ricardo Martins', 921098765, 'ricardo.martins84@gmail.com', 17),
    (354567890, 'Beatriz Oliveira', 936789012, 'beatriz.oliveira85@gmail.com', 19),
    (355678901, 'Daniel Silva', 926543210, 'daniel.silva86@gmail.com', 44),
    (356789012, 'Carolina Sousa', 929012345, 'carolina.sousa87@gmail.com', 51),
    (357890123, 'Luís Oliveira', 936789012, 'luis.oliveira88@gmail.com', 17),
    (358901234, 'Ana Costa', 921098765, 'ana.costa89@gmail.com', 16),
    (359012345, 'Miguel Oliveira', 926543210, 'miguel.oliveira90@gmail.com', 30),
    (360123456, 'Rita Pereira', 929012345, 'rita.pereira91@gmail.com', 18),
    (361234567, 'João Sousa', 936789012, 'joao.sousa92@gmail.com', 36),
    (362345678, 'Sara Oliveira', 921098765, 'sara.oliveira93@gmail.com', 32),
    (363456789, 'Rui Santos', 926543210, 'rui.santos94@gmail.com', 49),
    (364567890, 'Inês Silva', 929012345, 'ines.silva95@gmail.com', 35),
    (365678901, 'Miguel Martins', 936789012, 'miguel.martins96@gmail.com', 51),
    (366789012, 'Ana Pereira', 921098765, 'ana.pereira97@gmail.com', 18),
    (367890123, 'Pedro Costa', 926543210, 'pedro.costa98@gmail.com', 20),
    (368901234, 'Catarina Silva', 929012345, 'catarina.silva99@gmail.com', 26),
    (369012345, 'Luís Oliveira', 936789012, 'luis.oliveira00@gmail.com', 42),
    (370123456, 'Marta Costa', 921098765, 'marta.costa013@gmail.com', 29);
    
-- Inserção de dados na tabela "Fornecedor"
INSERT INTO Fornecedor (Nome, Contacto)
VALUES
    ('Raul Salgado', 962262548),
    ('Celso Borges', 911574281),
    ('Alfredo Faria', 921599116),
    ('Fernando Gomes', 938665544),
    ('Carla Rodrigues', 922334455),
    ('Sandra Gomes', 917665544),
    ('Paulo Rodrigues', 923334455),
	('Isabel Pires', 966112233),
    ('Hugo Costa', 918223344),
    ('Marta Almeida', 927334455),
    ('António Silva', 911223344),
    ('Rosa Pereira', 936556677),
    ('Joaquim Oliveira', 925443322),
    ('Ana Sousa', 919889900),
    ('Pedro Pereira', 924889900),
    ('Lúcia Martins', 918112233),
    ('Manuel Silva', 938112233),
    ('Catarina Sousa', 927778899),
    ('Ricardo Martins', 912334455),
    ('Beatriz Oliveira', 925556677);

-- Inserção de dados na tabela "Material"
INSERT INTO Material (Nome, Preco, Quantidade)
VALUES
    ('Cadeira', 5.00, 250),
    ('Copo', 0.15, 1500),
    ('Microfone', 160.00, 30),
    ('Mesa', 15.00, 100),
    ('Projetor', 300.00, 10),
    ('Panfleto', 0.05, 5000),
    ('Pulseira', 0.25, 3500),
    ('Coluna', 425.00, 40),
    ('Palco', 1000.00, 5),
    ('Iluminação LED', 50.00, 15),
    ('Tenda', 300.00, 8),
    ('Bandeira Personalizada', 80.00, 10),
    ('Passadeira Vermelha', 15.00, 3),
    ('Balcão de Registo', 120.00, 5),
    ('Toalha de Mesa Personalizada', 10.00, 12),
    ('Bandejas de Serviço', 5.00, 20),
    ('Ecrã LED', 400.00, 2),
    ('Porta-Banners', 25.00, 6),
    ('Barricada', 30.00, 8),
    ('Sistema de Som', 200.00, 4),
    ('Cadeira VIP', 25.00, 15),
    ('Tapete', 35.00, 3),
    ('Letreiro', 180.00, 10),
    ('Projetor de Laser', 250.00, 5),
    ('Sistema de Tradução', 150.00, 6),
    ('Centro de Mesa Elegante', 8.00, 20),
    ('Fogos de Artifício', 1000.00, 2),
    ('Letras Luminosas', 75.00, 4),
    ('Banners Decorativos', 12.00, 15),
    ('Kit de Primeiros Socorros', 40.00, 5),
    ('Baldes de Gelo', 3.00, 25),
    ('Câmara de Vídeo Profissional', 800.00, 3),
    ('Máquina de Fumaça', 50.00, 7),
    ('Púlpito de Palestrante', 60.00, 3),
    ('Rede de Proteção', 20.00, 12),
    ('Banners de Patrocinadores', 18.00, 8);
    
-- Inserção de dados na tabela "Espaco"
INSERT INTO Espaco (Nome, Capacidade, Descricao)
VALUES
    ('Altice Arena Braga', 12000, 'O Pavilhão Altice Forum Braga é uma sala polivalente e flexível, sendo a 2ª maior sala de espetáculos do país.'),
    ('Super Bock Arena', 8500, 'Espaço multiusos para todo o tipo de espectáculos, eventos culturais, desportivos, congressos e outras iniciativas empresariais.'),
    ('Multiusos de Guimarães', 7000, 'O Multiusos de Guimarães tem uma polivalência que lhe permite acolher grandes competições desportivas, concertos, feiras, exposições e congressos.'),
    ('Pavilhao Vermelho', 5000, 'Um espaço versátil para eventos de médio porte.'),
    ('Centro de Convenções', 3000, 'Ideal para conferências e apresentações.'),
	('Salão Nobre', 200, 'Um ambiente elegante para eventos especiais.'),
    ('Centro de Exposições', 1000, 'Espaço dedicado a exposições e feiras.'),
    ('Pavilhão Rosa Mota', 6500, 'Espaço para todo o tipo de eventos'),
    ('Palácio das Artes', 500, 'Um local culturalmente rico, adequado para concertos, peças teatrais e exposições de arte.'),
    ('Arena do Norte', 6000, 'Espaço moderno e versátil, ideal para eventos desportivos, concertos e grandes espetáculos.');


-- Inserção de dados na tabela "Evento"
INSERT INTO Evento (Nome, Descricao, Estado, DataEvento, Lotacao, PrecoBilhete, IdadeMinima, Cliente_NIF, Funcionario_ID)
VALUES
    ('Conferência Anual', 'Evento de grande escala', 'Ativo', '2024-02-01', 750, 20.00, 18, 242985203, 1),
    ('Workshop de Tecnologia', 'Aprendizado prático', 'Ativo', '2024-01-15', 1200, 15.00, 21, 262014890, 2),
    ('Reunião de Negócios', 'Networking e colaboração', 'Finalizado', '2023-10-20', 400, 10.00, 25, 295429496, 3),
    ('Feira de Tecnologia', 'Exibição de novas tecnologias', 'Ativo', '2024-07-25', 500, 10.00, 16, 225548731, 4),
    ('Concerto Beneficente', 'Arrecadação de fundos para a caridade', 'Finalizado', '2023-08-10', 800, 15.00, 20, 277731864, 5),
	('Lançamento de Produto', 'Apresentação do novo produto', 'Finalizado', '2023-06-08', 670, 25.00, 21, 231467892, 6),
    ('Workshop de Arte', 'Explorando a criatividade', 'Ativo', '2024-05-18', 80, 12.00, 13, 288654321, 7),
    ('Exposição de Fotografia', 'Mostra de talentos fotográficos locais', 'Finalizado', '2023-04-05', 150, 8.00, 15, 231467892, 8),
    ('Concurso de Startups', 'Apresentação de ideias inovadoras', 'Ativo', '2024-03-12', 4000, 10.00, 18, 232509137, 9),
    ('Palestra de Sustentabilidade', 'Discussão sobre práticas sustentáveis', 'Ativo', '2024-09-22', 250, 5.00, 12, 242985203, 10),
    ('Festival de Comédia', 'Noite de risadas com comediantes locais', 'Ativo', '2024-06-30', 800, 18.00, 16, 214641279, 11),
    ('Competição de Dança', 'Show de talentos em dança', 'Ativo', '2024-11-15', 3000, 12.00, 15, 223456789, 12),
    ('Conferência de Inovação', 'Explorando novas fronteiras tecnológicas', 'Finalizado', '2023-01-08', 5000, 25.00, 18, 288888888, 13),
    ('Festival de Música Local', 'Destacando artistas musicais da região', 'Ativo', '2025-04-20', 2500, 20.00, 16, 277731864, 14),
    ('Feira de Gastronomia', 'Exploração de sabores locais', 'Finalizado', '2023-03-01', 1500, 15.00, 21, 299876543, 15),
    ('Concerto Acústico', 'Noite íntima de música acústica', 'Ativo', '2025-02-12', 120, 22.00, 18, 211234567, 16),
    ('Semana de Moda', 'Desfiles e tendências de moda', 'Ativo', '2025-05-10', 400, 30.00, 16, 225548731, 17);
    
-- Inserção de dados na tabela "Evento_Espaco"
INSERT INTO Evento_Espaco (Evento_ID, Espaco_ID)
VALUES
    (1, 1),
    (2, 2),
    (3, 3),
    (4, 2),
	(5, 4),
    (6, 5),
    (7, 9),
    (8, 9),
    (9, 4),
    (10, 7),
    (11, 4),
    (12, 10),
    (13, 8),
    (14, 2),
    (15, 3),
    (16, 6),
    (17, 7);

-- Inserção de dados na tabela "Participante_Evento"
INSERT INTO Participante_Evento (Participante_NIF, Evento_ID)
VALUES
    (254563651, 1),
    (246239573, 2),
    (268975431, 3),
    (284613597, 4),
    (273849561, 5),
    (296874123, 6),
	(234567890, 12),
    (292345678, 10),
    (296432109, 9),
    (298765432, 7),
    (292876543, 5),
    (291234567, 3),
    (254321987, 14),
    (285432109, 13),
    (297765432, 4),
    (299876543, 1),
    (292355678, 16),
    (294567890, 15),
    (297654321, 14),
    (298901234, 13),
    (299012345, 12),
    (293456789, 16),
    (294568890, 4),
    (295678901, 7),
    (296789012, 3),
    (297890123, 9),
    (298901334, 6),
    (299012335, 10),
    (200123456, 8),
    (201234567, 2),
    (202345678, 15),
    (303456789, 17),
    (304567890, 3),
    (305678901, 7),
    (306789012, 7),
    (307890123, 9),
    (308901234, 10),
    (309012345, 14),
    (310123456, 12),
    (311234567, 11),
    (312345678, 17),
    (313456789, 12),
    (314567890, 16),
    (315678901, 2),
    (316789012, 1),
    (317890123, 6),
    (118901234, 12),
    (219012345, 7),
    (220123456, 8),
    (221234567, 10),
    (222345678, 9),
    (323456789, 15),
    (324567890, 13),
    (325678901, 14),
    (326789012, 8),
    (327890123, 9),
    (328901234, 10),
    (329012345, 7),
    (330123456, 5),
    (331234567, 7),
    (332345678, 2),
    (333456789, 4),
    (334567890, 1),
    (335678901, 8),
    (336789012, 2),
    (337890123, 14),
    (338901234, 17),
    (339012345, 12),
    (340123456, 16),
    (341234567, 2),
    (342345678, 17),
    (343456789, 1),
    (344567890, 1),
    (345678901, 1),
    (346789012, 14),
    (347890123, 12),
    (348901234, 16),
    (349012345, 10),
    (350123456, 11),
    (351234567, 13),
    (352345678, 7),
    (353456789, 8),
    (354567890, 1),
    (355678901, 4),
    (356789012, 13),
    (357890123, 4),
    (358901234, 4),
    (359012345, 17),
    (360123456, 14),
    (361234567, 2),
    (362345678, 5),
    (363456789, 17),
    (364567890, 12),
    (365678901, 10),
    (366789012, 9),
    (367890123, 9),
    (368901234, 10),
    (369012345, 1),
    (370123456, 5);
    
-- Inserção de dados na tabela "Evento_Material"
INSERT INTO Evento_Material (Evento_ID, Material_ID, Quantidade)
VALUES
    (1, 1, 50),
    (3, 2, 300),
    (2, 1, 30),
    (6, 4, 15),
    (4, 2, 200),
    (4, 1, 250),
    (5, 9, 1),
    (5, 8, 4),
    (5, 3, 10),
    (6, 5, 3),
    (7, 10, 15),
    (8, 10, 15),
    (8, 18, 6),
    (9, 9, 5),
    (10, 3, 5),
    (11, 1, 250),
    (11, 21, 15),
    (11, 3, 1),
    (11, 9, 1),
    (12, 20, 2),
    (13, 11, 3),
    (13, 4, 20),
    (14, 20, 4),
    (14, 23, 1),
    (15, 22, 2),
    (15, 31, 20),
    (16, 3, 10),
    (16, 32, 2),
    (16, 36, 2),
    (16, 33, 2),
    (17, 13, 3),
    (17, 1, 250);

-- Inserção de dados na tabela "Material_Fornecedor"
INSERT INTO Material_Fornecedor (Material_ID, Fornecedor_ID, Quantidade)
VALUES
    (1, 1, 80),
    (2, 2, 320),
    (3, 1, 20),
    (1, 2, 20),
    (5, 3, 10),
    (6, 5, 1300),
    (4, 4, 100),
    (1, 4, 150),
    (2, 7, 1180),
    (3, 8, 10),
    (7, 10, 3500),
    (8, 15, 40),
    (9, 12, 5),
    (10, 6, 15),
    (11, 9, 8),
    (12, 14, 10),
    (13, 20, 3),
    (14, 19, 5),
    (15, 17, 12),
    (16, 11, 20),
    (17, 14, 2),
    (18, 5, 6),
    (19, 17, 8),
    (20, 15, 4),
    (21, 13, 15),
    (22, 12, 3),
    (23, 18, 10),
    (24, 3, 5),
    (25, 8, 6),
    (26, 2, 20),
    (27, 1, 2),
    (28, 9, 4),
    (29, 14, 15),
    (30, 19, 5),
    (31, 20, 25),
    (32, 20, 3),
    (33, 1, 7),
    (34, 4, 3),
    (35, 8, 12),
    (36, 9, 8);